{"cameraMode":{"drawMode":0,"name":"Shaded","section":"Shading Mode"},"sceneLighting":false,"audioPlay":false,"sceneViewState":{"showFog":true,"showMaterialUpdate":false,"showSkybox":false,"showFlares":true,"showImageEffects":true,"showParticleSystems":true},"in2DMode":false,"pivot":{"x":-7.152557373046875e-7,"y":0.8968918323516846,"z":-0.04106605052947998},"rotation":{"x":0.023451389744877816,"y":0.9688088297843933,"z":-0.22511343657970429,"w":0.1009259968996048},"size":4.833530426025391,"orthographic":false}