{"cameraMode":{"drawMode":0,"name":"Shaded","section":"Shading Mode"},"sceneLighting":false,"audioPlay":false,"sceneViewState":{"showFog":true,"showMaterialUpdate":false,"showSkybox":false,"showFlares":true,"showImageEffects":true,"showParticleSystems":true},"in2DMode":false,"pivot":{"x":0.000002384185791015625,"y":0.8850298523902893,"z":-0.06639668345451355},"rotation":{"x":0.023451389744877816,"y":0.9688088297843933,"z":-0.22511343657970429,"w":0.1009259968996048},"size":4.820025444030762,"orthographic":false}