{"cameraMode":{"drawMode":0,"name":"Shaded","section":"Shading Mode"},"sceneLighting":false,"audioPlay":false,"sceneViewState":{"showFog":true,"showMaterialUpdate":false,"showSkybox":false,"showFlares":true,"showImageEffects":true,"showParticleSystems":true},"in2DMode":false,"pivot":{"x":-2.384185791015625e-7,"y":0.8717621564865112,"z":-0.02974572777748108},"rotation":{"x":0.0029635438695549967,"y":0.9704737663269043,"z":-0.24089840054512025,"w":0.011938272975385189},"size":4.758036136627197,"orthographic":false}