{"cameraMode":{"drawMode":0,"name":"Shaded","section":"Shading Mode"},"sceneLighting":false,"audioPlay":false,"sceneViewState":{"showFog":true,"showMaterialUpdate":false,"showSkybox":false,"showFlares":true,"showImageEffects":true,"showParticleSystems":true},"in2DMode":false,"pivot":{"x":0.7810688614845276,"y":1.0023199319839478,"z":0.06956362724304199},"rotation":{"x":0.023451389744877816,"y":0.9688088297843933,"z":-0.22511343657970429,"w":0.1009259968996048},"size":2.647345781326294,"orthographic":false}