{"cameraMode":{"drawMode":0,"name":"Shaded","section":"Shading Mode"},"sceneLighting":false,"audioPlay":false,"sceneViewState":{"showFog":true,"showMaterialUpdate":false,"showSkybox":false,"showFlares":true,"showImageEffects":true,"showParticleSystems":true},"in2DMode":false,"pivot":{"x":-1.1920928955078126e-7,"y":0.8643995523452759,"z":-0.0560341477394104},"rotation":{"x":0.048162542283535007,"y":0.951585590839386,"z":-0.20313137769699098,"w":0.22562077641487122},"size":4.728283882141113,"orthographic":false}