{"cameraMode":{"drawMode":0,"name":"Shaded","section":"Shading Mode"},"sceneLighting":false,"audioPlay":false,"sceneViewState":{"showFog":true,"showMaterialUpdate":false,"showSkybox":false,"showFlares":true,"showImageEffects":true,"showParticleSystems":true},"in2DMode":false,"pivot":{"x":-5.960464477539063e-7,"y":0.8708925247192383,"z":-0.007565125823020935},"rotation":{"x":0.0021323454566299917,"y":0.9733260869979858,"z":-0.2292429655790329,"w":0.009053065441548825},"size":2.301522731781006,"orthographic":false}