{"cameraMode":{"drawMode":0,"name":"Shaded","section":"Shading Mode"},"sceneLighting":true,"audioPlay":false,"sceneViewState":{"showFog":true,"showMaterialUpdate":false,"showSkybox":true,"showFlares":true,"showImageEffects":true,"showParticleSystems":true},"in2DMode":false,"pivot":{"x":43.81708526611328,"y":-4.710718154907227,"z":-1.5955743789672852},"rotation":{"x":0.048162542283535007,"y":0.951585590839386,"z":-0.20313137769699098,"w":0.22562077641487122},"size":66.56257629394531,"orthographic":false}