{"cameraMode":{"drawMode":0,"name":"Shaded","section":"Shading Mode"},"sceneLighting":false,"audioPlay":false,"sceneViewState":{"showFog":true,"showMaterialUpdate":false,"showSkybox":false,"showFlares":true,"showImageEffects":true,"showParticleSystems":true},"in2DMode":false,"pivot":{"x":0.0,"y":0.8905432820320129,"z":-0.057677507400512698},"rotation":{"x":0.008260214701294899,"y":0.9768984913825989,"z":-0.21006745100021363,"w":0.03841279819607735},"size":4.765048980712891,"orthographic":false}